run,seed,base_final_tacc,learn_final_tacc,gate_final_tacc,sig_final_tacc,gate_final_perstate,sig_final_perstate,cv_base_pre,cv_gate_pre,cv_sig_pre,cv_base_post,cv_gate_post,cv_sig_post,base_recovery_t,gate_recovery_t,sig_recovery_t,base_recovery_frac,gate_recovery_frac,sig_recovery_frac,mi_gate_pre,mi_sig_pre,mi_gate_post,mi_sig_post,cre_base,cre_gate,cre_sig,gate_mean_overall,sig_mean_overall,distress_mean_overall,contra_spike,gate_spike,sig_spike,grid_div_gate,grid_div_sig,stable_std,stable_gate,stable_sig
1,42,0.6005195379257202,0.620855450630188,0.6011812686920166,0.6007968783378601,0.7407172918319702,0.7339091300964355,0.08871896524923821,0.029092600829470794,0.03884063446051208,0.011613955253317956,0.010179443046650694,0.0036236689784707576,158.14891052246094,130.2888641357422,122.47893524169922,0.6489177489177489,0.907563025210084,0.9410112359550562,38.01724068067139,37.787224199031236,5.854651009315159,6.601508599729983,101.0,118.0,117.0,0.311478,0.319574,0.20177656471729277,0.03083999999999998,-0.06108000000000002,-0.07123999999999986,0.5012,0.4796,0.1736,0.9092,0.9344
2,43,0.6001155972480774,0.618694543838501,0.6012343764305115,0.5997866988182068,0.7323353290557861,0.7221270799636841,0.12451349486186059,0.03938994982144032,0.019623813197003008,0.012855667318037613,0.00353977402502508,0.0030803690979566726,165.2865753173828,130.90382385253906,125.74063110351562,0.6158826068191627,0.8914919852034525,0.9370314842578711,29.521422355044837,24.828093119619712,3.2996872885072355,9.197125744790654,101.0,142.0,144.0,0.323082,0.34382000000000007,0.18837986379861832,-0.03863999999999998,-0.04511999999999999,-0.050439999999999874,0.458,0.4676,0.1908,0.8936,0.9368
3,44,0.5996086001396179,0.6188914179801941,0.6010375022888184,0.5998547077178955,0.733649730682373,0.7277665138244629,0.21531939386508403,0.01429880156525321,0.016413044717532046,0.020889355576586704,0.00687339965807491,0.004750317733151123,164.7935028076172,123.28443908691406,122.18862915039062,0.6177489177489177,0.9400510204081632,0.9341085271317829,32.10379422225031,29.03233029104073,4.673025114262947,7.5847922790896,101.0,139.0,143.0,0.32339,0.327252,0.18802772268652915,-0.01591999999999999,-0.06740000000000002,-0.03064,0.5044,0.5068,0.1648,0.9036,0.9328
4,45,0.5988336205482483,0.6168679594993591,0.6014156341552734,0.600529670715332,0.7332526445388794,0.7305933833122253,0.21750013098595303,0.013950230891942562,0.014953721890012577,0.011301322720009045,0.0037565711115391674,0.003092950063353322,161.26275634765625,125.248046875,121.3616714477539,0.5819158460161146,0.9217877094972067,0.9467005076142132,33.197220746529446,24.646405373826052,6.904381189001693,5.797544426353109,101.0,150.0,145.0,0.337492,0.33558400000000005,0.1876062662154436,0.04715999999999998,-0.059,-0.03639999999999999,0.4716,0.502,0.2296,0.892,0.9284
5,46,0.5989062786102295,0.6175984144210815,0.6011359095573425,0.6002140641212463,0.7352103590965271,0.7265966534614563,0.07361911624235838,0.02934734406203965,0.028225104544043807,0.012343300255099887,0.006499012882637964,0.004186457191035126,164.08596801757812,131.35511779785156,127.41922760009766,0.578173719376392,0.9209694415173867,0.9198931909212283,35.83787654592659,32.34813047218206,4.858658630738318,11.041360590049067,101.0,145.0,142.0,0.327816,0.32711799999999996,0.19747250027954577,0.045200000000000046,-0.05915999999999999,-0.04111999999999988,0.4764,0.4848,0.1708,0.9104,0.936
6,47,0.599135160446167,0.6161671876907349,0.6009601354598999,0.600739061832428,0.7324140071868896,0.7278487086296082,0.09980040779634623,0.02370746163496579,0.014318887232766038,0.02144106809578878,0.004622728032923001,0.005791233854686228,167.30775451660156,121.55823516845703,127.01602935791016,0.5922840859272249,0.9357429718875502,0.9099876695437731,29.507719795670567,31.00471749565973,2.540318981015225,4.287827055482107,101.0,137.0,141.0,0.325158,0.32661,0.19795259833335876,-0.018880000000000008,-0.03960000000000008,-0.05256000000000005,0.4912,0.4968,0.2496,0.9068,0.9252
7,48,0.6004703044891357,0.6222359538078308,0.6010273694992065,0.6006015539169312,0.7291483283042908,0.724778950214386,0.10497678819046909,0.021717039460263578,0.016102352264908554,0.013640027810216122,0.003234336676346184,0.004005399711468705,160.5613555908203,125.85662841796875,126.92381286621094,0.6166231505657093,0.9127837514934289,0.9107142857142857,29.23579964764775,25.090848374969593,6.890129820613411,5.38027214848596,101.0,120.0,126.0,0.326944,0.33942999999999995,0.18951987341046334,0.05376000000000003,-0.06779999999999997,-0.06215999999999994,0.5068,0.5136,0.1312,0.9052,0.9164
8,49,0.6001468896865845,0.6235812306404114,0.6007742285728455,0.6008992195129395,0.7326648831367493,0.7302179932594299,0.09232697786667614,0.02742589736452638,0.0236725491771024,0.006761735043612602,0.003505521080416726,0.0031845687994911877,159.7249298095703,125.2493896484375,124.1927719116211,0.5700090334236676,0.902200488997555,0.9211391018619934,31.201331874735455,40.52533998623112,5.443074731882312,3.7592424852616073,129.0,102.0,102.0,0.321494,0.32556799999999997,0.201651828661561,0.06744,-0.04931999999999992,-0.054480000000000084,0.4788,0.5076,0.0956,0.9152,0.9168
9,50,0.6000632643699646,0.6198609471321106,0.6011648178100586,0.6009179949760437,0.7399420142173767,0.7383566498756409,0.08740098793504619,0.013950303954501773,0.02958281190722955,0.013472509119795004,0.004102450504222939,0.009960681810214698,159.7542266845703,127.69139099121094,130.7185821533203,0.6348241424229266,0.9007177033492823,0.8940809968847352,27.214062894583755,45.713868875306595,5.058982911840689,10.642030579107868,101.0,132.0,123.0,0.32876399999999995,0.315388,0.21622646667063236,0.023800000000000043,-0.047160000000000035,-0.045600000000000085,0.494,0.4764,0.1868,0.9208,0.926
10,51,0.5998304486274719,0.6186320185661316,0.6005312204360962,0.6010312438011169,0.734330415725708,0.7304926514625549,0.13859431685189214,0.02649282002889773,0.011670190730391088,0.019405091459111755,0.005193633813383428,0.004293179387534697,164.2752227783203,133.8732452392578,122.61843872070312,0.6387068588903452,0.8797399783315276,0.9270166453265045,35.443746406014185,23.80477220882578,5.3459502793843505,3.0846285325957745,101.0,146.0,141.0,0.307822,0.330896,0.18931343972682954,0.022400000000000003,-0.04231999999999997,-0.05464000000000002,0.5192,0.4852,0.1852,0.9284,0.9248
11,52,0.5994179844856262,0.6180523633956909,0.6010390520095825,0.5997648239135742,0.7343224883079529,0.7276344895362854,0.11301223917937671,0.012712946809027443,0.012581534495817292,0.015332968704104359,0.0048488110062144185,0.0028252348046510244,163.1306610107422,122.32026672363281,125.92964935302734,0.6110392410521777,0.9563269876819709,0.9396984924623115,24.18784499836771,18.436098799763094,6.590294127992731,4.547011363036933,101.0,145.0,141.0,0.340402,0.33915999999999996,0.18580164425075055,-0.0012800000000000034,-0.06524000000000008,-0.04747999999999991,0.5208,0.5088,0.1876,0.9084,0.9452
12,53,0.5998023152351379,0.6188242435455322,0.6003562211990356,0.6016179919242859,0.73276686668396,0.733916699886322,0.08287807642373907,0.024275723039922554,0.02321718187808447,0.018442863787290254,0.005876171254323584,0.00701336230258263,159.90362548828125,133.19305419921875,128.77972412109375,0.6114058355437666,0.8622559652928417,0.9152046783625731,43.20747763895497,34.49748508712605,12.068388865286499,5.652731576641613,163.0,131.0,137.0,0.29803599999999997,0.334024,0.19580478973686696,0.08459999999999993,-0.052559999999999996,-0.03963999999999995,0.5164,0.4876,0.2076,0.91,0.8944
13,54,0.599078893661499,0.6144461035728455,0.6010781526565552,0.6005336046218872,0.7378703355789185,0.7318359613418579,0.08779086990198372,0.021949207079955516,0.02315325345264783,0.023986168926994827,0.0057141462352741255,0.002962861001915251,165.8197479248047,131.89617919921875,124.97830963134766,0.6369098712446352,0.8883447600391773,0.9180722891566265,48.74698105886876,33.73420663252256,9.123423540543035,3.188016084680488,101.0,161.0,163.0,0.30221400000000004,0.325334,0.2089254742860794,0.047920000000000004,-0.050600000000000034,-0.022159999999999958,0.4952,0.4956,0.3008,0.8928,0.9164
14,55,0.6002125144004822,0.6184203028678894,0.6015914082527161,0.6008445024490356,0.7365285754203796,0.7353594899177551,0.07843499243542526,0.03054069478589472,0.02521478558338264,0.011246848884258778,0.0028527976287589145,0.003514251996883116,160.64512634277344,122.1370849609375,128.5795440673828,0.6485337866553336,0.9167686658506732,0.9204545454545454,31.34577650670333,31.464671750704646,6.142648470138165,8.115580927929486,166.0,141.0,149.0,0.32058400000000004,0.32407800000000003,0.1996779538691044,0.06948000000000004,-0.0470799999999999,-0.040000000000000036,0.504,0.4912,0.2368,0.9096,0.9312
15,56,0.60054612159729,0.6217179894447327,0.6014335751533508,0.6012351512908936,0.7379059195518494,0.7328428626060486,0.09358032313719912,0.02004771044639123,0.011969822998389579,0.01435062997971448,0.004160185391991697,0.0025102331909331466,162.4806671142578,129.05810546875,118.883056640625,0.6179345516362091,0.9062181447502549,0.9474940334128878,37.86761656129979,29.5470571524872,5.284957747885038,3.104160239716074,101.0,137.0,135.0,0.324646,0.34387799999999996,0.18739168867468833,0.04039999999999999,-0.03484000000000009,-0.0492800000000001,0.4964,0.5036,0.14,0.9128,0.9184
16,57,0.6001288890838623,0.6192898154258728,0.6006382703781128,0.600614070892334,0.7330994009971619,0.7306308746337891,0.22378835327716093,0.028128181445557076,0.027182918184264392,0.03248497082114295,0.002497833102775943,0.002572465270752799,164.41580200195312,121.2701644897461,120.175537109375,0.6430412371134021,0.9257362355953905,0.939568345323741,39.74152040487142,29.872907541611095,2.912669327624219,2.122051636854866,101.0,164.0,162.0,0.315812,0.32442,0.18907276421785355,0.04256,-0.04187999999999997,-0.058560000000000056,0.4884,0.5028,0.1544,0.9248,0.9308
17,58,0.6003749966621399,0.621178925037384,0.6010007858276367,0.6001710891723633,0.7346349954605103,0.7255938649177551,0.2260959595199078,0.01669406801300551,0.011790662414077495,0.010071301581470583,0.0028654256159104004,0.011603682814372445,165.07296752929688,124.90105438232422,132.0819091796875,0.6187392055267703,0.9063157894736842,0.8861702127659574,44.307045536079876,42.25071500604956,8.45328284502439,8.679298914745301,101.0,146.0,141.0,0.32567999999999997,0.313448,0.20598653063178063,-0.012920000000000015,-0.044359999999999955,-0.05996000000000001,0.5248,0.5128,0.1132,0.9024,0.9292
18,59,0.5999437570571899,0.6200445294380188,0.6010156273841858,0.6006445288658142,0.7369375228881836,0.7304326891899109,0.11066371665175462,0.02539031051770472,0.019544730718688567,0.01270687753142311,0.006239595443147181,0.005063877517531648,163.47293090820312,126.46415710449219,129.03688049316406,0.5855348635773062,0.9012925969447708,0.9221311475409836,40.864061991020435,30.45732268046836,4.395789420603751,10.01016004328307,101.0,133.0,124.0,0.312322,0.33057000000000003,0.19065454676747323,0.0038000000000000256,-0.05384,-0.07439999999999997,0.4764,0.5344,0.1288,0.906,0.9396
19,60,0.598701536655426,0.6142585873603821,0.601017951965332,0.6007117033004761,0.730485737323761,0.7275632619857788,0.31605136436055536,0.015139525247531586,0.01934397717854759,0.05730436830782917,0.0033922754623450374,0.004399704170045661,171.73907470703125,120.12483215332031,128.518310546875,0.5980095196884465,0.9463087248322147,0.9245283018867925,26.45078210247228,30.561811305615542,2.75681221825549,8.106782135315603,101.0,172.0,174.0,0.331544,0.323506,0.19709792032837867,0.015120000000000022,-0.06219999999999992,-0.055960000000000065,0.4952,0.5204,0.2648,0.9036,0.9252
20,61,0.5981101393699646,0.6127468943595886,0.6013453006744385,0.6013374924659729,0.7384593486785889,0.7370620369911194,0.20114634230273037,0.012431590460507437,0.04410314283127498,0.026058696022632537,0.007130989580710146,0.002094227806023283,168.59078979492188,128.80210876464844,123.72148895263672,0.5646589902568645,0.9192037470725996,0.936374549819928,35.305882452555885,32.19671485796134,5.808077870121645,4.798598667525078,101.0,161.0,160.0,0.31825600000000004,0.32949400000000006,0.19296899147331714,0.013160000000000005,-0.04248000000000007,-0.06799999999999995,0.4876,0.4868,0.316,0.9196,0.93
21,62,0.5999187231063843,0.6197953224182129,0.6020874977111816,0.6009007692337036,0.7385940551757812,0.7320234775543213,0.08469895538599198,0.043539092697446664,0.01854565953968748,0.010066490025860575,0.0037919985487764696,0.005925144650909031,158.8074188232422,121.91244506835938,127.94251251220703,0.6192139737991267,0.9274193548387096,0.9045553145336226,42.4216120088573,41.504492116430384,5.385437135167575,4.579709935554403,150.0,125.0,123.0,0.31852800000000003,0.318988,0.19774746246635913,0.061480000000000035,-0.04848000000000002,-0.048960000000000004,0.5164,0.506,0.1992,0.8872,0.9236
22,63,0.599163293838501,0.617257833480835,0.6006734371185303,0.6005773544311523,0.7332815527915955,0.7294631600379944,0.12545780409849394,0.01259463261963242,0.012438552360618017,0.019978746615253035,0.013264684571920425,0.0035620691114382303,164.4544677734375,132.3874053955078,125.33003997802734,0.6032874278098623,0.9031476997578692,0.9332509270704573,28.745096840385262,30.50330478352621,2.805359469024237,7.473088046250539,101.0,151.0,151.0,0.325014,0.333598,0.1854994085431099,0.021639999999999965,-0.06268000000000012,-0.051120000000000054,0.4856,0.5052,0.2364,0.9316,0.9344
23,64,0.5991906523704529,0.6192187666893005,0.6004015803337097,0.6007211208343506,0.7306180596351624,0.7267712950706482,0.1627810565574805,0.018730783071507443,0.01641789969368022,0.012498372289897114,0.002927696346306129,0.004444030776696658,161.74459838867188,126.04306030273438,124.36752319335938,0.5852047556142669,0.9246411483253588,0.9242979242979243,41.416314887959714,33.78416332943725,1.9884084414394272,8.336317778496495,101.0,131.0,127.0,0.321102,0.33549,0.18851604409515857,0.010160000000000002,-0.022200000000000053,-0.05012,0.496,0.514,0.1632,0.9252,0.928
24,65,0.5993375182151794,0.6165679693222046,0.6011132597923279,0.6006484627723694,0.7435441613197327,0.7351329922676086,0.09986567777521549,0.020831610236023756,0.02231522862651967,0.017281428071822317,0.002269229481493683,0.013318793140351753,159.9857177734375,120.61127471923828,136.59934997558594,0.6140199048031155,0.9479768786127167,0.8864628820960698,25.956178929757275,41.40650081847538,-0.9707461278416563,7.614114612705965,162.0,131.0,128.0,0.322632,0.30911600000000006,0.21352178744971753,0.06464000000000003,-0.05164000000000002,-0.07203999999999999,0.5148,0.4824,0.2756,0.9268,0.9276
25,66,0.5998554825782776,0.6183781027793884,0.6005547046661377,0.6005187630653381,0.7298610210418701,0.7248371839523315,0.17997671498468487,0.0235331872783261,0.008572178239466596,0.015832559274698066,0.002909750499382322,0.005792970430784658,165.76820373535156,126.59617614746094,127.51183319091797,0.6148211977595864,0.9171974522292994,0.9352428393524284,38.06082441197882,25.258600408931226,-0.5847415187090319,2.9657933470733506,101.0,149.0,154.0,0.327626,0.34532399999999996,0.18121120147407055,0.0058,-0.04871999999999993,-0.03555999999999998,0.486,0.49,0.1748,0.9164,0.92
26,67,0.6008148193359375,0.6219664216041565,0.6013500094413757,0.6012070178985596,0.7371776103973389,0.7346779704093933,0.17767075210989136,0.03441512190446161,0.021713196287468817,0.012320433112928087,0.003412536212040961,0.0034798703289595652,159.06260681152344,126.650390625,127.30963897705078,0.6528497409326425,0.9089900110987791,0.8961646398503275,36.98283472550507,47.8715459531153,3.213761274921489,5.104127793397435,163.0,134.0,139.0,0.317698,0.315926,0.20854279816150664,0.08867999999999995,-0.051559999999999884,-0.04200000000000009,0.5032,0.534,0.1556,0.9152,0.9156
27,68,0.5999171733856201,0.6203429698944092,0.6013906002044678,0.5998530983924866,0.7332436442375183,0.7266249060630798,0.1073611326047364,0.019778176009300326,0.008490203290567922,0.005051795459932481,0.003386796072141656,0.0028494839391773937,157.60836791992188,126.30110168457031,124.97893524169922,0.6013215859030837,0.9197802197802197,0.9410112359550562,27.251588729696763,25.11046232597827,0.5319600617568417,5.871871981381557,149.0,121.0,116.0,0.337308,0.32832800000000006,0.18798797845840454,0.11256000000000005,-0.05132000000000003,-0.06,0.5328,0.5208,0.1868,0.8964,0.9252
28,69,0.5985281467437744,0.6141117215156555,0.601173460483551,0.6007890701293945,0.7409215569496155,0.7371597290039062,0.15048648796357492,0.037797012553203134,0.024258208758660527,0.013535046898516454,0.005892009894753967,0.012203566385578282,163.98143005371094,126.74168395996094,127.90543365478516,0.6076957098628926,0.9057649667405765,0.908695652173913,50.86947207762465,41.78280859220963,6.364511611314556,10.177043645584845,101.0,159.0,158.0,0.30758399999999997,0.31105400000000005,0.20658231265842913,0.01971999999999996,-0.03832000000000002,-0.049240000000000006,0.5024,0.5124,0.2868,0.9132,0.938
29,70,0.6000078320503235,0.6208562254905701,0.6006929874420166,0.6000937223434448,0.7335761189460754,0.730674147605896,0.11443946997695482,0.017827294034106912,0.011804039507161496,0.010414291785901668,0.004953129545954609,0.011494650940976674,161.32894897460938,124.71683502197266,133.0333709716797,0.5956140350877193,0.9285714285714286,0.8939213349225268,33.63398434216849,33.43793347843768,4.348624682928466,3.477872438751005,101.0,122.0,116.0,0.32722,0.325566,0.19843086980283262,0.015400000000000025,-0.04992000000000002,-0.06991999999999993,0.5088,0.4988,0.1152,0.912,0.938
30,71,0.6007726788520813,0.6212765574455261,0.6016437411308289,0.6009117364883423,0.7393146753311157,0.7298333048820496,0.10661210676165225,0.009442898472399378,0.02019654176257742,0.012928269140446478,0.009662748678981918,0.0033812743709382854,160.04595947265625,133.3779296875,127.48290252685547,0.6405030355594102,0.8855975485188968,0.8974358974358975,35.790195717356994,43.78769703155248,12.47110592615333,9.364204295656346,101.0,139.0,139.0,0.32519999999999993,0.33241200000000004,0.1914154004305601,0.033040000000000014,-0.0517200000000001,-0.05556000000000011,0.5036,0.52,0.1592,0.8988,0.9196
31,72,0.5995023250579834,0.6197164058685303,0.6006640791893005,0.600753903388977,0.7297526001930237,0.7307878136634827,0.17613323226733252,0.02028438730041728,0.012525468522862383,0.01555759181306007,0.002980637992826836,0.0023878798409384854,160.32089233398438,122.15314483642578,125.4154052734375,0.6070343030829353,0.9319371727748691,0.9183197199533255,35.1552793322901,25.246024335248165,0.13518877033612856,8.262645550793634,162.0,141.0,143.0,0.322774,0.333996,0.1914085227996111,0.06432000000000004,-0.03587999999999997,-0.03952,0.4736,0.4924,0.1404,0.9096,0.9192
32,73,0.5983437299728394,0.6150804758071899,0.6017047166824341,0.6008265614509583,0.7382597923278809,0.7340704202651978,0.08787001834825345,0.04522066812732225,0.027826649828466964,0.011557851029883472,0.002464121740866815,0.0015158811811336536,162.1902618408203,124.42194366455078,124.68913269042969,0.581858407079646,0.9187763713080169,0.9408528198074277,44.96898284445504,29.051692906634152,1.6248862226557403,4.177383597727013,101.0,147.0,142.0,0.318366,0.33055599999999996,0.19208507500588895,0.035800000000000026,-0.040080000000000005,-0.06663999999999998,0.5164,0.4956,0.2736,0.892,0.93
33,74,0.5999187231063843,0.6173750162124634,0.6010085940361023,0.6009679436683655,0.7336914539337158,0.7282601594924927,0.07991594472379641,0.01941564879521172,0.03484472296724704,0.015348064348800686,0.003186434554776477,0.004332985865222424,161.22317504882812,124.40853118896484,125.46964263916016,0.6442924326635314,0.9012345679012346,0.9553903345724907,36.15539952189485,26.08068345488045,-3.446184437721955,8.704161637171136,101.0,142.0,144.0,0.31414200000000003,0.34160799999999997,0.18382334619760513,0.01047999999999999,-0.02579999999999999,-0.06252000000000008,0.4928,0.4908,0.2064,0.9052,0.9092
34,75,0.6007968783378601,0.6218648552894592,0.6012094020843506,0.6005452871322632,0.7373142838478088,0.7325912714004517,0.21816708705961013,0.020226976002928016,0.0201616980109679,0.012727553438766956,0.0035964262121475432,0.0020550686093132754,162.61203002929688,124.4273910522461,116.8936767578125,0.6353806228373703,0.9232585596221959,0.9655172413793104,34.83747641631904,26.606530241206418,0.9549519862457879,5.915320651952628,101.0,143.0,137.0,0.32281999999999994,0.330732,0.189831006154418,0.026599999999999985,-0.07676,-0.06860000000000005,0.4908,0.5228,0.1836,0.9164,0.9404
35,76,0.6001929640769958,0.6207476854324341,0.6010148525238037,0.6008570194244385,0.731288731098175,0.7269895672798157,0.08947003173923444,0.016462822195501093,0.013186240044881059,0.010951768648026891,0.005323701857785742,0.003903135588963711,158.6967315673828,124.94386291503906,123.08120727539062,0.6312997347480106,0.928654970760234,0.9280742459396751,23.643936723447936,22.145587676927995,4.983903535391368,4.88369886396327,150.0,125.0,122.0,0.34277599999999997,0.34821199999999997,0.17899860993027686,0.06864000000000003,-0.044919999999999904,-0.05167999999999984,0.5048,0.5112,0.136,0.9056,0.9016
36,77,0.5994828343391418,0.6186515688896179,0.6009562611579895,0.6012898683547974,0.7323839664459229,0.7312711477279663,0.0952925837829395,0.014251631011938291,0.010998980235375051,0.020452594862805238,0.00486647544830772,0.003527715768694446,166.93356323242188,129.84429931640625,123.65034484863281,0.5861919235779418,0.8934169278996865,0.9350797266514806,40.403427109461106,27.072104991387306,8.001862087797342,3.1658452198009384,101.0,128.0,128.0,0.320672,0.33961800000000003,0.18421812787652014,-0.07543999999999998,-0.039279999999999926,-0.06167999999999996,0.4924,0.4992,0.1268,0.894,0.8956
37,78,0.5978687405586243,0.6127273440361023,0.6013890504837036,0.6004375219345093,0.7364222407341003,0.7322927713394165,0.11675162973086689,0.014563414440846825,0.02100204186362708,0.016003939350436844,0.003020522967646051,0.0056174408826514515,166.6310272216797,127.08280944824219,122.61492156982422,0.5539016689219666,0.9025157232704403,0.9283582089552239,35.46055742444956,29.82356677668071,8.117167221406651,9.355283290483586,101.0,151.0,151.0,0.319538,0.32729199999999997,0.19715020716190337,0.022280000000000022,-0.03107999999999994,-0.040159999999999973,0.4956,0.5036,0.3076,0.8892,0.9352
38,79,0.6004953384399414,0.621806263923645,0.6010234355926514,0.600653886795044,0.7359417080879211,0.7321244478225708,0.0891088164908583,0.01031131806184765,0.014329206047727203,0.010890785307611206,0.003424978037147823,0.004802709414327533,158.8842315673828,127.0093002319336,127.03727722167969,0.62129916040654,0.9132231404958677,0.9046052631578947,41.98545108446489,46.46576483556166,7.107538144753875,5.03491473512813,148.0,114.0,113.0,0.331974,0.32053600000000004,0.20138959892094135,0.062319999999999987,-0.033279999999999976,-0.023879999999999957,0.4664,0.488,0.1836,0.9176,0.9228
39,80,0.5985000133514404,0.6158343553543091,0.6016937494277954,0.6010078191757202,0.7387234568595886,0.7319420576095581,0.08383899463207442,0.024861985531070847,0.016937769889839503,0.010367412143530623,0.010767937192801776,0.003855748066976437,162.2746124267578,130.38075256347656,124.0151138305664,0.5832229580573951,0.9048128342245989,0.9255813953488372,42.58914399645594,28.52437406129422,6.535315703261646,2.0364941485547017,101.0,141.0,148.0,0.318284,0.334056,0.19464601963758468,0.033639999999999975,-0.04523999999999989,-0.026119999999999977,0.5104,0.4988,0.23,0.906,0.9252
40,81,0.6004781126976013,0.6216250061988831,0.6008281111717224,0.6003702878952026,0.7339924573898315,0.7312098145484924,0.07478353365867174,0.023822607006011052,0.024430500712284454,0.011145271351013218,0.002998294790942043,0.007066934008606697,160.4357452392578,125.9787826538086,131.53366088867188,0.6321938554738209,0.8874538745387454,0.8763769889840881,48.980491140164176,41.817408384385864,-0.0971077991151787,2.737851335273886,101.0,129.0,121.0,0.302264,0.31835,0.20890470869839192,0.045999999999999985,-0.02796000000000004,-0.0524400000000001,0.5048,0.4956,0.174,0.904,0.9344
41,82,0.6000312566757202,0.6199031472206116,0.6013992428779602,0.6009851694107056,0.7343984246253967,0.7310594916343689,0.07573912295770048,0.020871868471755272,0.021592789505160474,0.008308968084427375,0.004630354331294166,0.007340019492711334,158.70565795898438,130.61911010742188,131.5900115966797,0.611304347826087,0.8709677419354839,0.9105098855359001,38.055629989018,37.97171359020076,5.460880447827622,1.33942240439381,101.0,113.0,117.0,0.323426,0.3361,0.18647260904312135,0.04052,-0.056599999999999984,-0.03376000000000001,0.5048,0.5128,0.1708,0.8948,0.9196
42,83,0.5996265411376953,0.6191453337669373,0.6008164286613464,0.6006179451942444,0.7318447828292847,0.7292503714561462,0.12160451222606047,0.016993818193421786,0.021503331483899324,0.00854522876980455,0.004118662882967272,0.0039985087752398,160.99472045898438,129.3748779296875,125.29297637939453,0.5958663148636764,0.8877445932028837,0.914043583535109,42.53691209555606,29.272779774166803,5.5596460598906585,3.4232488415133093,101.0,122.0,120.0,0.31546,0.33612,0.1876748026907444,0.045999999999999985,-0.023840000000000028,-0.06728,0.4728,0.5052,0.1936,0.9176,0.932
43,84,0.6003960967063904,0.6220109462738037,0.6009218692779541,0.6002984642982483,0.7349284291267395,0.7296215891838074,0.1548929565842728,0.030828920328384322,0.024166621198103335,0.015797831665000452,0.002596401885857353,0.0027532095333535544,159.63636779785156,124.88961791992188,125.14646911621094,0.6424825174825175,0.9106438896189225,0.9254327563249002,34.341419936592764,29.801798288282633,3.4218046115080254,7.603762011785631,101.0,124.0,125.0,0.318996,0.32135400000000003,0.19997070088982583,0.006079999999999974,-0.040039999999999965,-0.058519999999999905,0.4776,0.466,0.1288,0.9076,0.9284
44,85,0.5986132621765137,0.6147719025611877,0.6005984544754028,0.5999890565872192,0.7341634631156921,0.7292592525482178,0.07165128494786642,0.01159427507524197,0.025367096253783333,0.009876006388620323,0.003761401933607425,0.003347632752132138,161.37918090820312,126.44867706298828,123.9140396118164,0.5949033391915641,0.9134948096885813,0.9212034383954155,33.97692205039215,32.06896029288345,2.869718565470517,12.66540083700583,163.0,145.0,140.0,0.319098,0.31942600000000004,0.19820736892521382,0.06248000000000001,-0.045959999999999945,-0.07200000000000006,0.5104,0.4884,0.2904,0.9204,0.936
45,86,0.5999703407287598,0.6172773241996765,0.6006359457969666,0.6004523634910583,0.7311443090438843,0.7287883758544922,0.15027811740800906,0.024407966983692086,0.03180406108347012,0.014734407840767504,0.006246943928562427,0.0032710614515552966,167.1365203857422,125.46652221679688,124.54424285888672,0.6111111111111112,0.8984881209503239,0.9175757575757576,47.01729665846578,40.25345351512719,7.45273126394228,7.520276851567266,101.0,148.0,149.0,0.308706,0.31495999999999996,0.21082066342234612,-0.011080000000000007,-0.040080000000000005,-0.05387999999999993,0.5192,0.4872,0.2432,0.9188,0.9412
46,87,0.6008609533309937,0.6213523149490356,0.6014328002929688,0.6011257767677307,0.7379078269004822,0.7329767346382141,0.1148095004982607,0.022960710904524638,0.03245127210141411,0.01702041495313676,0.005377955354134727,0.002558840967543791,161.23983764648438,128.84182739257812,122.28556060791016,0.6648305084745763,0.8991507430997877,0.9299568965517241,42.515778990280616,38.94507769219294,8.9832176284281,7.387114357291241,101.0,130.0,140.0,0.309742,0.3278420000000001,0.20307143345475198,0.035600000000000076,-0.03995999999999994,-0.04708000000000001,0.4888,0.5252,0.1372,0.9016,0.9216
47,88,0.5989968776702881,0.6163969039916992,0.6013070344924927,0.600656270980835,0.7373857498168945,0.7328659296035767,0.11937923725363993,0.04813246721068566,0.023278849805265282,0.012441470522911054,0.004044576772128836,0.00603812947577724,163.43472290039062,125.38356018066406,127.2573471069336,0.6118052563550194,0.8926940639269406,0.9148936170212766,40.06171312145708,45.55159430215657,4.9666671311106425,8.918403248881793,101.0,148.0,157.0,0.316876,0.32254800000000006,0.20734028048813344,0.044680000000000025,-0.04071999999999987,-0.036280000000000034,0.4628,0.5064,0.2724,0.9024,0.9396
48,89,0.5993124842643738,0.6169250011444092,0.6002945303916931,0.6002812385559082,0.7302954792976379,0.7279480695724487,0.15533138055352497,0.031092602780096543,0.02104049858662592,0.007857505767620728,0.0017266900813772878,0.0029300783524207788,160.4791717529297,122.43467712402344,125.09857177734375,0.6111111111111112,0.9195979899497487,0.9507133592736705,52.02395837919623,24.844268929152612,10.22890286492169,7.609581690483842,163.0,148.0,146.0,0.311796,0.332162,0.19173172652721404,0.10275999999999996,-0.030799999999999883,-0.04100000000000009,0.4832,0.4776,0.2036,0.9156,0.9372
49,90,0.5998296737670898,0.6181992292404175,0.6016499996185303,0.6009195446968079,0.7331862449645996,0.7285887002944946,0.2681730259276416,0.02894653470158754,0.011308256826288412,0.04888459477149747,0.0034431400740579125,0.009334746378706365,172.72271728515625,128.77450561523438,126.67041778564453,0.6157112526539278,0.9051633298208641,0.9191402251791198,43.24715303620296,34.787169032380845,3.7507207826961544,6.881659992897894,101.0,175.0,172.0,0.320176,0.330234,0.19376695692539214,-0.005840000000000012,-0.04260000000000003,-0.02179999999999993,0.5024,0.4884,0.1412,0.8732,0.898
50,91,0.599790632724762,0.6193195581436157,0.601939857006073,0.6009562611579895,0.741032063961029,0.7327583432197571,0.20029194496636923,0.02220210790816943,0.0395760798121538,0.013988423316262724,0.008149724995001504,0.004012271266920611,160.8729248046875,131.13604736328125,120.52890014648438,0.6279579316389132,0.8730964467005076,0.9335260115606936,44.396790219660645,32.696233040906534,3.3077387501868123,-0.6711709547780416,101.0,136.0,134.0,0.306028,0.31399,0.20459188267588616,0.04536000000000001,-0.06715999999999994,-0.07156000000000001,0.5292,0.516,0.1504,0.8816,0.9176
