run,seed,base_final_tacc,learn_final_tacc,gate_final_tacc,base_final_perstate,learn_final_perstate,gate_final_perstate,cv_base_pre,cv_gate_pre,cv_base_post,cv_gate_post,cv_gate_pre_minus_base,cv_gate_post_minus_base,collapse_base,collapse_gate,gate_pre_mean,gate_post_mean,gate_post_peak,gate_spike_mean,gate_spike_peak,gate_spike,gate_mean_overall,grid_divergence,contra_spike,contra_pre_mean,contra_post_mean,base_recovery_t,learn_recovery_t,gate_recovery_t,base_recovery_frac,learn_recovery_frac,gate_recovery_frac,gate_final_coverage,stable_fraction_std,stable_fraction_gate,mean_contra_rate
1,42,0.6005195379257202,0.620855450630188,0.6201601624488831,0.6687801480293274,0.8341503739356995,0.7953335642814636,0.08871896524923821,0.054055106831734395,0.011613955253317956,0.0010699047064853034,-0.034663858417503815,-0.010544050546832651,0.0,0.0,0.25071999999999994,0.20256,0.2536,-0.04815999999999995,0.002880000000000049,0.002880000000000049,0.14992,0.514,0.03083999999999998,0.29796,0.3288,158.14891052246094,132.82986450195312,114.8478012084961,0.6489177489177489,0.8939393939393939,0.9313471502590673,0.11626172065734863,0.1736,0.3304,0.296734
2,43,0.6001155972480774,0.618694543838501,0.6221827864646912,0.6641830205917358,0.8187257647514343,0.7954959869384766,0.12451349486186059,0.039870937743386556,0.012855667318037613,0.0017098947010257587,-0.08464255711847403,-0.011145772617011855,0.0,0.0,0.24016,0.19768,0.2216,-0.04248000000000002,-0.01856000000000002,-0.01856000000000002,0.148404,0.4792,-0.03863999999999998,0.19068,0.15204,165.2865753173828,143.51316833496094,115.51000213623047,0.6158826068191627,0.8744065602071645,0.926875,0.12450781464576721,0.1908,0.2448,0.273598
3,44,0.5996086001396179,0.6188914179801941,0.6227273344993591,0.6611053943634033,0.822084367275238,0.7959150671958923,0.21531939386508403,0.049517781669309265,0.020889355576586704,0.001501574275444615,-0.16580161219577477,-0.01938778130114209,0.0,0.0,0.21684,0.17367999999999997,0.2128,-0.04316000000000003,-0.004040000000000016,-0.004040000000000016,0.14324399999999998,0.4928,-0.01591999999999999,0.18059999999999998,0.16468,164.7935028076172,145.86146545410156,116.86077117919922,0.6177489177489177,0.8484848484848485,0.9134382566585957,0.12496484071016312,0.1648,0.2488,0.27273400000000003
4,45,0.5988336205482483,0.6168679594993591,0.6217304468154907,0.6626459956169128,0.8199146389961243,0.793437123298645,0.21750013098595303,0.0563711970649444,0.011301322720009045,0.0020400372763534364,-0.16112893392100863,-0.009261285443655608,0.0,0.0,0.22611999999999996,0.1722,0.2104,-0.05391999999999997,-0.015719999999999956,-0.015719999999999956,0.14998799999999998,0.482,0.04715999999999998,0.16436,0.21151999999999999,161.26275634765625,140.36123657226562,121.86627197265625,0.5819158460161146,0.8267681289167412,0.8919402985074627,0.1231750026345253,0.2296,0.2656,0.271826
5,46,0.5989062786102295,0.6175984144210815,0.6215242147445679,0.660810112953186,0.823941707611084,0.795738935470581,0.07361911624235838,0.029414686713573675,0.012343300255099887,0.004233007383994325,-0.04420442952878471,-0.008110292871105563,0.0,0.0,0.2242,0.1718,0.218,-0.0524,-0.006200000000000011,-0.006200000000000011,0.140684,0.4932,0.045200000000000046,0.19072,0.23592000000000005,164.08596801757812,138.9674835205078,118.3316421508789,0.578173719376392,0.8570155902004455,0.9120253164556962,0.12134374678134918,0.1708,0.27,0.26679
6,47,0.599135160446167,0.6161671876907349,0.6222648620605469,0.6645300984382629,0.8104243874549866,0.7936429977416992,0.09980040779634623,0.053726891622088754,0.02144106809578878,0.0037554886521518976,-0.04607351617425748,-0.017685579443636884,0.0,0.0,0.2112,0.17476,0.214,-0.03644,0.002799999999999997,0.002799999999999997,0.14275,0.5032,-0.018880000000000008,0.19456,0.17568,167.30775451660156,146.6014862060547,117.87515258789062,0.5922840859272249,0.8465585269618588,0.9122373300370828,0.12415781617164612,0.2496,0.2716,0.244934
7,48,0.6004703044891357,0.6222359538078308,0.6241781115531921,0.6591277122497559,0.83077073097229,0.798728346824646,0.10497678819046909,0.0455526577670556,0.013640027810216122,0.0014288118535401852,-0.05942413042341348,-0.012211215956675937,0.0,0.0,0.22296,0.18452000000000002,0.2172,-0.038439999999999974,-0.005759999999999987,-0.005759999999999987,0.149084,0.5092,0.05376000000000003,0.27055999999999997,0.32432,160.5613555908203,135.84117126464844,113.31257629394531,0.6166231505657093,0.8668407310704961,0.9395604395604396,0.13046172261238098,0.1312,0.1992,0.30748600000000004
8,49,0.6001468896865845,0.6235812306404114,0.6191046833992004,0.6542483568191528,0.8428529500961304,0.7889594435691833,0.09232697786667614,0.03726991930661557,0.006761735043612602,0.008998362320766659,-0.055057058560060566,0.0022366272771540572,0.0,0.0,0.24924000000000004,0.20611999999999994,0.2552,-0.0431200000000001,0.005959999999999938,0.005959999999999938,0.146656,0.5084,0.06744,0.45095999999999997,0.5184,159.7249298095703,127.09756469726562,117.88626098632812,0.5700090334236676,0.8852755194218609,0.9111821086261981,0.11450234055519104,0.0956,0.3396,0.328816
9,50,0.6000632643699646,0.6198609471321106,0.6191835999488831,0.6660875678062439,0.8314274549484253,0.7916190028190613,0.08740098793504619,0.04114522314600168,0.013472509119795004,0.001402757443825897,-0.046255764789044515,-0.012069751675969107,0.0,0.0,0.25736,0.19995999999999997,0.2348,-0.05740000000000001,-0.02255999999999997,-0.02255999999999997,0.154356,0.4976,0.023800000000000043,0.25627999999999995,0.28008,159.7542266845703,135.7121124267578,117.94143676757812,0.6348241424229266,0.8931828050369084,0.9146417445482866,0.11440625041723251,0.1868,0.3536,0.285154
10,51,0.5998304486274719,0.6186320185661316,0.6232101321220398,0.664511501789093,0.8215326070785522,0.7969459891319275,0.13859431685189214,0.04091306418606732,0.019405091459111755,0.0034724239430295547,-0.09768125266582481,-0.0159326675160822,0.0,0.0,0.22643999999999997,0.17916,0.2152,-0.04727999999999996,-0.011239999999999972,-0.011239999999999972,0.15048000000000003,0.5012,0.022400000000000003,0.17472000000000001,0.19712000000000002,164.2752227783203,144.6531219482422,116.04962158203125,0.6387068588903452,0.8719965050240279,0.9252772913018097,0.1265343725681305,0.1852,0.2504,0.26861
11,52,0.5994179844856262,0.6180523633956909,0.6214460730552673,0.6634644269943237,0.8225318193435669,0.7948092818260193,0.11301223917937671,0.05816458885580013,0.015332968704104359,0.002390502373428813,-0.05484765032357658,-0.012942466330675546,0.0,0.0,0.22628000000000004,0.185,0.2132,-0.04128000000000004,-0.013080000000000036,-0.013080000000000036,0.14635399999999998,0.5268,-0.0012800000000000034,0.19944,0.19816,163.1306610107422,140.69125366210938,120.77288818359375,0.6110392410521777,0.8732212160413971,0.896551724137931,0.1206679716706276,0.1876,0.2836,0.266996
12,53,0.5998023152351379,0.6188242435455322,0.6215078234672546,0.6651517748832703,0.8255861401557922,0.7936412692070007,0.08287807642373907,0.043744944736194925,0.018442863787290254,0.0029448165831583908,-0.03913313168754414,-0.015498047204131863,0.0,0.0,0.22880000000000003,0.18452,0.2128,-0.04428000000000004,-0.016000000000000042,-0.016000000000000042,0.14260799999999998,0.494,0.08459999999999993,0.22620000000000004,0.31079999999999997,159.90362548828125,135.4350128173828,118.70745086669922,0.6114058355437666,0.874447391688771,0.9127801332525742,0.12149374932050705,0.2076,0.3116,0.281818
13,54,0.599078893661499,0.6144461035728455,0.6146859526634216,0.6729375720024109,0.8121185898780823,0.7761679887771606,0.08779086990198372,0.031597886465939404,0.023986168926994827,0.0029459437939741017,-0.056192983436044314,-0.021040225133020726,0.0,0.0,0.24752000000000002,0.20591999999999996,0.2508,-0.041600000000000054,0.003280000000000005,0.003280000000000005,0.14050800000000002,0.478,0.047920000000000004,0.12428000000000002,0.17220000000000002,165.8197479248047,145.3935546875,121.43103790283203,0.6369098712446352,0.8721030042918455,0.8919098143236074,0.10248827934265137,0.3008,0.466,0.220768
14,55,0.6002125144004822,0.6184203028678894,0.6199320554733276,0.6714268922805786,0.8253734111785889,0.7902690172195435,0.07843499243542526,0.028062766834146456,0.011246848884258778,0.0018902879580921612,-0.050372225601278804,-0.009356560926166615,0.0,0.0,0.27555999999999997,0.20644,0.2668,-0.06911999999999996,-0.00875999999999999,-0.00875999999999999,0.155996,0.5256,0.06948000000000004,0.18072,0.25020000000000003,160.64512634277344,137.98809814453125,117.21829986572266,0.6485337866553336,0.888652783680408,0.9235294117647059,0.11761640757322311,0.2368,0.3084,0.26681
15,56,0.60054612159729,0.6217179894447327,0.6234461069107056,0.6639657020568848,0.832389771938324,0.7984983921051025,0.09358032313719912,0.048295792702548586,0.01435062997971448,0.005744493336067859,-0.045284530434650534,-0.00860613664364662,0.0,0.0,0.21808,0.17187999999999998,0.2084,-0.04620000000000002,-0.009679999999999994,-0.009679999999999994,0.14943199999999998,0.4932,0.04039999999999999,0.21448,0.25488,162.4806671142578,138.56056213378906,116.62345123291016,0.6179345516362091,0.87972800679983,0.9263406010606954,0.1271054744720459,0.14,0.2348,0.298644
16,57,0.6001288890838623,0.6192898154258728,0.6218648552894592,0.6643140316009521,0.8228280544281006,0.796565055847168,0.22378835327716093,0.031947670593070424,0.03248497082114295,0.002587934130326608,-0.1918406826840905,-0.02989703669081634,0.0,0.0,0.261,0.19708,0.2436,-0.06392,-0.0174,-0.0174,0.14728000000000002,0.4884,0.04256,0.10864,0.1512,164.41580200195312,144.70489501953125,112.67794036865234,0.6430412371134021,0.8642611683848798,0.9505530253741054,0.12224297225475311,0.1544,0.2808,0.268982
17,58,0.6003749966621399,0.621178925037384,0.6216484308242798,0.6599764823913574,0.8262122869491577,0.7933197021484375,0.2260959595199078,0.05873790089303058,0.010071301581470583,0.004462762076391787,-0.16735805862687722,-0.005608539505078796,0.0,0.0,0.21208,0.18772,0.2092,-0.024359999999999993,-0.0028799999999999937,-0.0028799999999999937,0.14555,0.5164,-0.012920000000000015,0.19524,0.18231999999999998,165.07296752929688,144.8998260498047,120.01563262939453,0.6187392055267703,0.8605354058721935,0.9125651418645049,0.12208593636751175,0.1132,0.2884,0.29408999999999996
18,59,0.5999437570571899,0.6200445294380188,0.623268723487854,0.6622669696807861,0.8283256888389587,0.8000483512878418,0.11066371665175462,0.027510286263072874,0.01270687753142311,0.0005526111112393986,-0.08315343038868174,-0.012154266420183711,0.0,0.0,0.24364,0.19168,0.2492,-0.051960000000000006,0.005560000000000009,0.005560000000000009,0.144184,0.5088,0.0038000000000000256,0.24711999999999995,0.25092,163.47293090820312,140.00433349609375,111.85429382324219,0.5855348635773062,0.8475530532698138,0.9470734744707348,0.12605781853199005,0.1288,0.2456,0.295032
19,60,0.598701536655426,0.6142585873603821,0.6230999827384949,0.6644564867019653,0.8025990128517151,0.7972040772438049,0.31605136436055536,0.0617945126656113,0.05730436830782917,0.0011036234942660816,-0.25425685169494405,-0.05620074481356309,0.0,0.0,0.21884,0.18259999999999998,0.2176,-0.03624000000000002,-0.0012400000000000189,-0.0012400000000000189,0.145076,0.5296,0.015120000000000022,0.09043999999999999,0.10556000000000001,171.73907470703125,156.39723205566406,113.74478912353516,0.5980095196884465,0.8208567719601904,0.9393556538218573,0.1258484423160553,0.2648,0.2428,0.221082
20,61,0.5981101393699646,0.6127468943595886,0.6201359629631042,0.6696430444717407,0.8091146349906921,0.7923007607460022,0.20114634230273037,0.039313185309547104,0.026058696022632537,0.0015021569718870595,-0.16183315699318326,-0.02455653905074548,0.0,0.0,0.24255999999999997,0.20180000000000003,0.2388,-0.040759999999999935,-0.003759999999999958,-0.003759999999999958,0.14797000000000002,0.5156,0.013160000000000005,0.13191999999999998,0.14508,168.59078979492188,149.59786987304688,116.22663879394531,0.5646589902568645,0.8157661647475642,0.925115970841617,0.11748437583446503,0.316,0.33,0.21489999999999998
21,62,0.5999187231063843,0.6197953224182129,0.6185336112976074,0.6650205850601196,0.8303834795951843,0.7855659127235413,0.08469895538599198,0.05869123070169151,0.010066490025860575,0.0025028977453005145,-0.026007724684300473,-0.0075635922805600605,0.0,0.0,0.21924000000000002,0.18804,0.2124,-0.031200000000000006,-0.006840000000000013,-0.006840000000000013,0.150642,0.5228,0.061480000000000035,0.27252,0.334,158.8074188232422,133.4283905029297,121.6760025024414,0.6192139737991267,0.8816593886462882,0.8971428571428571,0.11432578414678574,0.1992,0.3448,0.282478
22,63,0.599163293838501,0.617257833480835,0.6209140419960022,0.6629671454429626,0.8209404349327087,0.794327437877655,0.12545780409849394,0.07898359848299927,0.019978746615253035,0.009391606710162547,-0.046474205615494674,-0.010587139905090488,0.0,0.0,0.20988,0.18324,0.206,-0.026640000000000025,-0.0038800000000000223,-0.0038800000000000223,0.14749800000000002,0.5172,0.021639999999999965,0.17032000000000003,0.19196,164.4544677734375,143.4771270751953,121.64688110351562,0.6032874278098623,0.8471790315415371,0.9002967359050446,0.11945547163486481,0.2364,0.2988,0.258794
23,64,0.5991906523704529,0.6192187666893005,0.6212273240089417,0.6563076972961426,0.825996458530426,0.7916240096092224,0.1627810565574805,0.06891880084669255,0.012498372289897114,0.002112084866454247,-0.09386225571078796,-0.010386287423442867,0.0,0.0,0.20180000000000003,0.17695999999999998,0.218,-0.024840000000000056,0.016199999999999964,0.016199999999999964,0.143368,0.4732,0.010160000000000002,0.24176000000000003,0.25192000000000003,161.74459838867188,138.31219482421875,122.67447662353516,0.5852047556142669,0.8494055482166446,0.879976580796253,0.12112265825271606,0.1632,0.2836,0.285314
24,65,0.5993375182151794,0.6165679693222046,0.6153398156166077,0.6725381016731262,0.8257080912590027,0.7795645594596863,0.09986567777521549,0.035977133489006025,0.017281428071822317,0.0015923566878980893,-0.06388854428620946,-0.015689071383924228,0.0,0.0,0.26788,0.21172,0.2692,-0.056160000000000015,0.0013199999999999878,0.0013199999999999878,0.143438,0.502,0.06464000000000003,0.2278,0.29244000000000003,159.9857177734375,135.22630310058594,121.89310455322266,0.6140199048031155,0.8706187797490264,0.8881292728402734,0.10391640663146973,0.2756,0.4488,0.24717200000000003
25,66,0.5998554825782776,0.6183781027793884,0.6230843663215637,0.6622191667556763,0.8147817254066467,0.7962475419044495,0.17997671498468487,0.05289522453973215,0.015832559274698066,0.0027535993939202252,-0.1270814904449527,-0.01307895988077784,0.0,0.0,0.21408,0.18608,0.2072,-0.027999999999999997,-0.006879999999999997,-0.006879999999999997,0.14106000000000002,0.4796,0.0058,0.16068,0.16648,165.76820373535156,145.05169677734375,119.64747619628906,0.6148211977595864,0.8616975441619992,0.9089306698002351,0.12656952440738678,0.1748,0.2332,0.263316
26,67,0.6008148193359375,0.6219664216041565,0.6193101406097412,0.6671419143676758,0.8354689478874207,0.7913316488265991,0.17767075210989136,0.03836056705408821,0.012320433112928087,0.0006005754860608345,-0.13931018505580314,-0.011719857626867253,0.0,0.0,0.26152000000000003,0.21232,0.2504,-0.04920000000000002,-0.011120000000000019,-0.011120000000000019,0.14864999999999998,0.4912,0.08867999999999995,0.22328,0.31195999999999996,159.06260681152344,133.74827575683594,115.0651626586914,0.6528497409326425,0.9019861830742659,0.9316129032258065,0.11369609087705612,0.1556,0.3652,0.301402
27,68,0.5999171733856201,0.6203429698944092,0.6241835951805115,0.6639115810394287,0.8301160335540771,0.8016921281814575,0.1073611326047364,0.056679393042464686,0.005051795459932481,0.0013746125386773136,-0.05068173956227171,-0.003677182921255168,0.0,0.0,0.21968000000000001,0.17108,0.2056,-0.048600000000000004,-0.01408000000000001,-0.01408000000000001,0.144258,0.5048,0.11256000000000005,0.295,0.40756000000000003,157.60836791992188,130.92555236816406,116.37176513671875,0.6013215859030837,0.8700440528634361,0.9173859432799013,0.1292218714952469,0.1868,0.2248,0.30086
28,69,0.5985281467437744,0.6141117215156555,0.6159914135932922,0.669776201248169,0.815497636795044,0.7849864959716797,0.15048648796357492,0.03477928901882767,0.013535046898516454,0.0037361481699024314,-0.11570719894474725,-0.009798898728614024,0.0,0.0,0.244,0.19576,0.2244,-0.048240000000000005,-0.019600000000000006,-0.019600000000000006,0.145642,0.5208,0.01971999999999996,0.13808000000000004,0.1578,163.98143005371094,143.93896484375,123.63170623779297,0.6076957098628926,0.8487394957983193,0.8945172824791419,0.10474921762943268,0.2868,0.4348,0.223604
29,70,0.6000078320503235,0.6208562254905701,0.6214609146118164,0.6598045825958252,0.8324497938156128,0.7944180965423584,0.11443946997695482,0.06135814202100969,0.010414291785901668,0.0014626797621946502,-0.05308132795594513,-0.008951612023707017,0.0,0.0,0.21852,0.18712,0.2044,-0.031399999999999983,-0.014119999999999994,-0.014119999999999994,0.1462,0.5104,0.015400000000000025,0.28331999999999996,0.29872,161.32894897460938,135.82192993164062,120.60733795166016,0.5956140350877193,0.8719298245614036,0.8923547400611621,0.12153515964746475,0.1152,0.272,0.29566200000000004
30,71,0.6007726788520813,0.6212765574455261,0.6250117421150208,0.6662383079528809,0.8307005763053894,0.8029687404632568,0.10661210676165225,0.04184713059771427,0.012928269140446478,0.0010378978354387467,-0.06476497616393798,-0.011890371305007731,0.0,0.0,0.219,0.17772000000000002,0.2072,-0.04127999999999998,-0.011800000000000005,-0.011800000000000005,0.14343399999999998,0.4752,0.033040000000000014,0.21604,0.24908000000000002,160.04595947265625,137.784912109375,113.9140625,0.6405030355594102,0.8759757155247181,0.9356971153846154,0.1309148371219635,0.1592,0.1948,0.305618
31,72,0.5995023250579834,0.6197164058685303,0.6206187605857849,0.6584155559539795,0.8285265564918518,0.7905019521713257,0.17613323226733252,0.06844143980164977,0.01555759181306007,0.005949679434986865,-0.10769179246568275,-0.009607912378073204,0.0,0.0,0.1804,0.1532,0.1732,-0.027200000000000002,-0.007200000000000012,-0.007200000000000012,0.13981,0.4796,0.06432000000000004,0.20292,0.26724000000000003,160.32089233398438,135.28094482421875,123.69253540039062,0.6070343030829353,0.8823273990447242,0.8900646678424456,0.1188671886920929,0.1404,0.294,0.28900400000000004
32,73,0.5983437299728394,0.6150804758071899,0.6210812330245972,0.6623603105545044,0.8170907497406006,0.7964324355125427,0.08787001834825345,0.025881811848068578,0.011557851029883472,0.001908808225041794,-0.06198820650018487,-0.009649042804841678,0.0,0.0,0.2684,0.20596,0.2616,-0.06244000000000002,-0.006800000000000028,-0.006800000000000028,0.15132400000000001,0.5252,0.035800000000000026,0.19196,0.22776000000000002,162.1902618408203,139.43096923828125,114.0,0.581858407079646,0.8482300884955752,0.9420560747663551,0.12054921686649323,0.2736,0.3088,0.247778
33,74,0.5999187231063843,0.6173750162124634,0.6206781268119812,0.6709969639778137,0.8211234211921692,0.7928627729415894,0.07991594472379641,0.047885166717696305,0.015348064348800686,0.0032450464265558394,-0.03203077800610011,-0.012103017922244847,0.0,0.0,0.23279999999999998,0.19712000000000002,0.2356,-0.03567999999999996,0.0028000000000000247,0.0028000000000000247,0.149974,0.5128,0.01047999999999999,0.18452,0.19499999999999998,161.22317504882812,139.6071014404297,119.17778015136719,0.6442924326635314,0.8854211201368106,0.9123456790123456,0.12061718851327896,0.2064,0.2732,0.256904
34,75,0.6007968783378601,0.6218648552894592,0.6238882541656494,0.6631352305412292,0.8268933296203613,0.8005359172821045,0.21816708705961013,0.05800180301914882,0.012727553438766956,0.0015825288811520811,-0.16016528404046132,-0.011145024557614874,0.0,0.0,0.21656,0.17904,0.21,-0.03752,-0.00656000000000001,-0.00656000000000001,0.14884799999999998,0.4764,0.026599999999999985,0.19288,0.21947999999999998,162.61203002929688,140.689453125,116.25174713134766,0.6353806228373703,0.8719723183391004,0.9273255813953488,0.12833203375339508,0.1836,0.228,0.30059
35,76,0.6001929640769958,0.6207476854324341,0.6198554635047913,0.6608156561851501,0.8286346793174744,0.787234902381897,0.08947003173923444,0.04247448413955578,0.010951768648026891,0.0027259051476996804,-0.04699554759967866,-0.00822586350032721,0.0,0.0,0.20728,0.17964000000000002,0.2028,-0.02763999999999997,-0.004479999999999984,-0.004479999999999984,0.14149599999999998,0.504,0.06864000000000003,0.28676,0.35540000000000005,158.6967315673828,133.6233367919922,123.53488159179688,0.6312997347480106,0.883289124668435,0.8866279069767442,0.11763593554496765,0.136,0.2944,0.302506
36,77,0.5994828343391418,0.6186515688896179,0.6222007870674133,0.6574522256851196,0.8193322420120239,0.791580080986023,0.0952925837829395,0.03588266536835072,0.020452594862805238,0.002650507039486481,-0.059409918414588786,-0.017802087823318758,0.0,0.0,0.24168000000000003,0.19436000000000003,0.23,-0.04732,-0.011680000000000024,-0.011680000000000024,0.14790599999999998,0.5064,-0.07543999999999998,0.2408,0.16536,166.93356323242188,146.67303466796875,118.17620086669922,0.5861919235779418,0.827181936604429,0.9110340843443097,0.12570233643054962,0.1268,0.2356,0.271944
37,78,0.5978687405586243,0.6127273440361023,0.6182226538658142,0.6637884974479675,0.8075704574584961,0.7866982221603394,0.11675162973086689,0.03769117316105766,0.016003939350436844,0.0020416890037782886,-0.07906045656980923,-0.013962250346658555,0.0,0.0,0.27671999999999997,0.21284,0.2492,-0.06387999999999996,-0.02751999999999996,-0.02751999999999996,0.148612,0.5212,0.022280000000000022,0.16319999999999998,0.18548,166.6310272216797,146.2476348876953,117.20626068115234,0.5539016689219666,0.7983761840324763,0.9281767955801105,0.11274765431880951,0.3076,0.3812,0.22127
38,79,0.6004953384399414,0.621806263923645,0.6212382912635803,0.6649724841117859,0.8338783383369446,0.7966046929359436,0.0891088164908583,0.039003854179554404,0.010890785307611206,0.0006268547860503,-0.0501049623113039,-0.010263930521560907,0.0,0.0,0.23612000000000002,0.18983999999999998,0.2224,-0.04628000000000004,-0.013720000000000038,-0.013720000000000038,0.147674,0.4968,0.062319999999999987,0.33764,0.39996,158.8842315673828,131.14007568359375,115.53087615966797,0.62129916040654,0.8851082633672117,0.9114160948222083,0.12031406164169312,0.1836,0.2708,0.30829799999999996
39,80,0.5985000133514404,0.6158343553543091,0.6157882809638977,0.663486123085022,0.8226824402809143,0.7812538146972656,0.08383899463207442,0.034583446957124384,0.010367412143530623,0.0018645130469704535,-0.04925554767495004,-0.008502899096560169,0.0,0.0,0.24627999999999997,0.21176000000000003,0.2476,-0.03451999999999994,0.0013200000000000156,0.0013200000000000156,0.145842,0.502,0.033639999999999975,0.19460000000000002,0.22824,162.2746124267578,139.527587890625,122.14649200439453,0.5832229580573951,0.8467991169977925,0.8919925512104283,0.10483984649181366,0.23,0.4304,0.24784399999999998
40,81,0.6004781126976013,0.6216250061988831,0.6189616918563843,0.6646737456321716,0.8322111368179321,0.7876330614089966,0.07478353365867174,0.02774133105625385,0.011145271351013218,0.0023493999040001346,-0.04704220260241789,-0.008795871447013083,0.0,0.0,0.20835999999999996,0.1836,0.2,-0.02475999999999995,-0.00835999999999995,-0.00835999999999995,0.136246,0.5124,0.045999999999999985,0.27287999999999996,0.31887999999999994,160.4357452392578,135.40199279785156,122.23031616210938,0.6321938554738209,0.8801384681955863,0.8904677323860273,0.11323437839746475,0.174,0.3556,0.30450200000000005
41,82,0.6000312566757202,0.6199031472206116,0.6212351322174072,0.6633847951889038,0.8285280466079712,0.7930570244789124,0.07573912295770048,0.03789729525041933,0.008308968084427375,0.005530115881228653,-0.03784182770728115,-0.002778852203198722,0.0,0.0,0.24115999999999999,0.196,0.2328,-0.04515999999999998,-0.008359999999999979,-0.008359999999999979,0.150544,0.4956,0.04052,0.3122,0.35272,158.70565795898438,131.78305053710938,118.708984375,0.611304347826087,0.8852173913043478,0.9149700598802395,0.12277265638113022,0.1708,0.2504,0.28972200000000004
42,83,0.5996265411376953,0.6191453337669373,0.624343752861023,0.6617071032524109,0.8236216902732849,0.7994793057441711,0.12160451222606047,0.0717511607357097,0.00854522876980455,0.003796566552612628,-0.04985335149035078,-0.004748662217191922,0.0,0.0,0.19535999999999998,0.18152,0.21,-0.013839999999999991,0.014640000000000014,0.014640000000000014,0.14889599999999997,0.5096,0.045999999999999985,0.27224,0.31823999999999997,160.99472045898438,135.572998046875,117.79011535644531,0.5958663148636764,0.8733509234828496,0.9302325581395349,0.13020703196525574,0.1936,0.2012,0.290418
43,84,0.6003960967063904,0.6220109462738037,0.6217656135559082,0.6604380011558533,0.834400475025177,0.7962671518325806,0.1548929565842728,0.03759100355395605,0.015797831665000452,0.00231145733270704,-0.11730195303031674,-0.013486374332293412,0.0,0.0,0.24432,0.20107999999999998,0.2408,-0.04324000000000003,-0.003520000000000023,-0.003520000000000023,0.148778,0.4808,0.006079999999999974,0.26916,0.27524,159.63636779785156,135.90777587890625,115.55085754394531,0.6424825174825175,0.8911713286713286,0.9240422721268163,0.12253671884536743,0.1288,0.2868,0.30354200000000003
44,85,0.5986132621765137,0.6147719025611877,0.621511697769165,0.6684295535087585,0.8177832961082458,0.793444037437439,0.07165128494786642,0.037152862173164415,0.009876006388620323,0.0019840022678768634,-0.034498422774702005,-0.00789200412074346,0.0,0.0,0.2446,0.19240000000000002,0.23,-0.052199999999999996,-0.014600000000000002,-0.014600000000000002,0.14785199999999998,0.4952,0.06248000000000001,0.18832000000000002,0.2508,161.37918090820312,138.23770141601562,114.64810180664062,0.5949033391915641,0.8484182776801406,0.936435124508519,0.12218203395605087,0.2904,0.262,0.24419599999999997
45,86,0.5999703407287598,0.6172773241996765,0.6166625022888184,0.6713826060295105,0.8155322074890137,0.7830366492271423,0.15027811740800906,0.03845301815524029,0.014734407840767504,0.001760746286622567,-0.11182509925276876,-0.012973661554144937,0.0,0.0,0.2508,0.21172,0.244,-0.03908000000000003,-0.006800000000000028,-0.006800000000000028,0.14727600000000002,0.4892,-0.011080000000000007,0.16244,0.15136,167.1365203857422,146.8014678955078,123.77326202392578,0.6111111111111112,0.8604651162790697,0.8786198398028343,0.1083359345793724,0.2432,0.3828,0.250588
46,87,0.6008609533309937,0.6213523149490356,0.6194015741348267,0.6674025654792786,0.8317912220954895,0.7902016639709473,0.1148095004982607,0.050984968509116824,0.01702041495313676,0.002419282175102525,-0.06382453198914388,-0.014601132778034237,0.0,0.0,0.21067999999999998,0.18076000000000003,0.2012,-0.029919999999999947,-0.009479999999999988,-0.009479999999999988,0.146904,0.4944,0.035600000000000076,0.21647999999999995,0.25208,161.23983764648438,138.02203369140625,123.10932159423828,0.6648305084745763,0.9059322033898305,0.88204833141542,0.11522500216960907,0.1372,0.3552,0.290326
47,88,0.5989968776702881,0.6163969039916992,0.6191445589065552,0.6672416925430298,0.8211411237716675,0.7897573113441467,0.11937923725363993,0.031227829483036776,0.012441470522911054,0.004129979330898314,-0.08815140777060315,-0.00831149119201274,0.0,0.0,0.24764,0.21955999999999998,0.2464,-0.02808000000000002,-0.0012399999999999911,-0.0012399999999999911,0.152056,0.5004,0.044680000000000025,0.16595999999999997,0.21064,163.43472290039062,140.6785888671875,120.14354705810547,0.6118052563550194,0.8694528220594572,0.902291917973462,0.11481093615293503,0.2724,0.3504,0.24375799999999997
48,89,0.5993124842643738,0.6169250011444092,0.6202672123908997,0.6653379201889038,0.82308030128479,0.7910296320915222,0.15533138055352497,0.02759308595282554,0.007857505767620728,0.0005937207072066018,-0.12773829460069944,-0.007263785060414126,0.0,0.0,0.24764,0.19268000000000002,0.2252,-0.05495999999999998,-0.022439999999999988,-0.022439999999999988,0.145408,0.4824,0.10275999999999996,0.16916000000000003,0.27192,160.4791717529297,135.22872924804688,114.53655242919922,0.6111111111111112,0.875,0.9282360831656606,0.11742890626192093,0.2036,0.304,0.25687
49,90,0.5998296737670898,0.6181992292404175,0.6204164028167725,0.6634723544120789,0.815237820148468,0.7909101843833923,0.2681730259276416,0.06491530892140741,0.04888459477149747,0.003482204573757824,-0.20325771700623418,-0.045402390197739645,0.0,0.0,0.20860000000000004,0.1756,0.206,-0.03300000000000003,-0.0026000000000000467,-0.0026000000000000467,0.146556,0.516,-0.005840000000000012,0.08592000000000001,0.08008,172.72271728515625,156.2874755859375,121.49878692626953,0.6157112526539278,0.8683651804670913,0.9043583535108959,0.11912812292575836,0.1412,0.2704,0.251
50,91,0.599790632724762,0.6193195581436157,0.6201249957084656,0.6629514694213867,0.8277412056922913,0.7919691205024719,0.20029194496636923,0.042847020560565455,0.013988423316262724,0.002414443455999115,-0.15744492440580377,-0.011573979860263608,0.0,0.0,0.22471999999999998,0.18712,0.2264,-0.03759999999999997,0.0016800000000000148,0.0016800000000000148,0.15559,0.5088,0.04536000000000001,0.20368,0.24904,160.8729248046875,139.25196838378906,118.71419525146484,0.6279579316389132,0.8672217353198949,0.9105691056910569,0.11798281222581863,0.1504,0.2832,0.28267600000000004
